{"rishabh": {"password": "123", "data": ["25559+43", "zszszszs"]}, "22cs3047": {"password": "123", "data": ["zszszszs", "zszszs", "zszszs", "afdada", "zszs", "asasas", "cbbvbngn", "asasas", "jslkhhs", "azx", "qwqw", "zszs", "zxcfghjm", "skjgdfkjabf", "kjbkjqbs"]}, "elaa": {"password": "1234", "data": []}, "ankur": {"password": "123", "data": []}, "rishabhkumar9167@gmail.com": {"password": "music", "data": ["helloo", "tommorow"]}, "ashish": {"password": "1234", "data": []}, "harami": {"password": "54321", "data": []}}